
{ "point": { "\u0393": [0, 0, 0]
             , "K": [0.33333333333333, 0.333333333333333, 0]
             , "M": [0.5, 0, 0]
           }
  , "path": ["\u0393", "M", "K", "\u0393"]
}
